id,domain,theme,keyword,usageCount,name,link,json
1,Rehab,Occupational,spinalcord,0,Spinal cord movements,res/Templates/spinalcord,json1
2,Rehab,Physical,gait,0,Gait Rehab,res/Templates/gait,json2
3,Rehab,Speech,dyslexia,0,Dyslexia - read what you see,res/Templates/dyslexia,json3
4,Rehab,Physical,balance,0,Balance Rehab,res/Templates/balance,json4
5,Rehab,Physical,mobility,0,Mobility Rehab,res/Templates/mobility,json5
6,Rehab,Physical,limb,0,Artificial Limb,res/Templates/limb,json6
7,Rehab,Physical,cane,0,Using cane,res/Templates/cane,json7
8,Rehab,Physical,crutches,0,Using Crutches,res/Templates/crutches,json8
9,Rehab,Physical,walker,0,Using Walker,res/Templates/walker,json9
10,Rehab,Physical,wheelchair,0,Using Wheelchair,res/Templates/wheelchair,json10
11,Rehab,Physical,pain,0,Pain management,res/Templates/pain,json11
12,Rehab,Speech,dyspaxia,0,Dyspraxia - read slowly,res/Templates/dyspaxia,json12
13,Rehab,Speech,articulation,0,Articulation problems,res/Templates/articulation,json13
14,Rehab,Speech,resonance,0,Resonance problem,res/Templates/resonance,json14
15,Rehab,Speech,parkinsons,0,Parkinson's disease,res/Templates/parkinsons,json15
16,Rehab,Speech,palsy,0,Cerebral palsy,res/Templates/palsy,json16
17,Rehab,Speech,down,0,Down syndrome,res/Templates/down,json17
18,Rehab,Occupational,work,0,Work-life balance,res/Templates/work,json18
19,Rehab,Occupational,cognition,0,Cognitive development - Filling applications,res/Templates/cognition,json19
20,Rehab,Occupational,grip,0,Grip strength - hold what you see,res/Templates/grip,json20
21,Rehab,Occupational,handwriting,0,Handwriting exercise ,res/Templates/handwriting,json21
22,Rehab,Occupational,depression,0,Nature walk - fight depression,res/Templates/depression,json22
23,Rehab,Occupational,depression,0,Pet a dog - anti-depressant,res/Templates/depression,json23
24,Therapy,Psychodynamic,eating,0,Eat it right - Eating disorders,res/Templates/eating,json24
25,Therapy,Psychodynamic,anxiety,0,Breathing exercise - Anxiety,res/Templates/anxiety,json25
26,Therapy,Psychodynamic,drug,0,Drug usage prevention ,res/Templates/drug,json26
27,Therapy,Psychodynamic,depression,0,Nature walk - fight depression,res/Templates/depression,json27
28,Therapy,Psychodynamic,depression,0,Pet a dog - anti-depressant,res/Templates/depression,json28
29,Therapy,Behaviour,fire,0,Fire exposure therapy,res/Templates/fire,json29
30,Therapy,Behaviour,anxiety,0,Breathing exercise - Anxiety,res/Templates/anxiety,json30
31,Therapy,Behaviour,spider,0,Friendly spider - Arachnophobia,res/Templates/spider,json31
32,Therapy,Behaviour,height,0,I can fly - Aerophobia,res/Templates/height,json32
33,Therapy,Behaviour,height,0,I am Burj Khalifa - Acrophobia,res/Templates/height,json33
34,Therapy,Behaviour,ocd,0,Make it neat - OCD,res/Templates/ocd,json34
35,Therapy,Behaviour,adhd,0,Do you remember it? - ADHD,res/Templates/adhd,json35
36,Therapy,Behaviour,adhd,0,Focus - ADHD,res/Templates/adhd,json36
